,X_CCF,Y_CCF,Z_CCF
0,9958.548911771162,4457.856020914147,9340.967268124296
1,4206.761096036529,4003.3393736121316,3639.3198706558455
2,-1459.378283201554,3059.1267889725277,-2062.9764561324664
3,-7037.567131848586,1822.0972909755912,-7763.952959008728
4,-12471.700714295846,188.083657568867,-13465.201341879721
5,-17764.863592777594,-1735.4380943852007,-19165.652629463868
6,-22836.65715973378,-4016.6984243175275,-24866.832291181097
7,-27738.178466707817,-6513.508192549889,-30566.88229232496
8,-32358.098132704465,-9300.23487951048,-36267.80537014407
9,-36707.016998234736,-12297.616516805994,-41968.85854138385
10,-40765.84137817502,-15469.8357913462,-47670.06865168675
11,-44608.87426743917,-18747.25221502191,-53369.96914644349
12,-48110.709434717646,-22154.959366415846,-59070.529235154696
13,-51304.73359496831,-25641.632939698353,-64771.03706790776
14,-54151.82517654442,-29180.33184829433,-70472.02054162181
15,-56708.59489899985,-32735.244831190023,-76172.5486845133
16,-58997.256943185195,-36288.76955667695,-81872.2711393242
17,-60936.28624451028,-39812.55159942804,-87572.48350285014
18,-62565.8632909469,-43284.00538197926,-93272.61640727804
19,-63843.5470287448,-46665.78868759228,-98973.46734743523
20,-64850.622263672674,-49957.00210766901,-104673.84703548372
21,-65545.22238710657,-53120.822109727436,-110374.62951298043
22,-65984.91662538097,-56161.08646040444,-116075.00784010722
23,-66138.96153109329,-59040.717568814835,-121775.78061233362
24,-66032.60564383745,-61749.90070290115,-127476.78626638549
25,-65696.01042850355,-64287.35567333724,-133177.73913236876
26,-65142.44640364066,-66642.81313482673,-138878.69705915626
27,-64390.23979819275,-68811.26475686059,-144579.6204118621
28,-63424.763611042086,-70751.11577854164,-150281.4362685176
29,-62302.8534843307,-72497.3478169612,-155983.1703279769
30,-61041.234481237945,-74049.04426847774,-161684.8299974402
31,-59654.40110904812,-75402.67899817898,-167386.52101525335
32,-58140.36308274386,-76520.17410777812,-173089.259770161
33,-56548.69397561753,-77458.5707885722,-178791.72538395
34,-54886.62652256214,-78202.68976618415,-184494.43907812014
35,-53183.550453515345,-78802.03097066982,-190196.2393783884
36,-51428.46392810547,-79158.024676525,-195900.0274900314
37,-49662.10493487251,-79370.1388635971,-201603.3438786465
38,-47893.71263016803,-79440.76923224427,-207306.32284708624
39,-46136.25319225708,-79344.17374302742,-213010.07988177976
40,-44408.55047952247,-79090.69619917913,-218714.7624381125
41,-42708.38525556344,-78761.49998649204,-224417.8384977983
42,-41067.26936201056,-78278.54720027454,-230122.63508276103
43,-39464.194342293296,-77735.95243917096,-235825.75903364588
44,-37908.34447505126,-77117.59725787726,-241528.02160289578
45,-36451.661449032894,-76374.72021768447,-247232.6097679805
46,-35048.9790669326,-75586.79242760601,-252935.84013383897
47,-33679.25251302577,-74768.77242382553,-258636.5658110837
48,-32430.13633019694,-73866.04026700577,-264339.57974828396
49,-31216.782305220295,-72941.31899817962,-270040.0554573261
50,-30101.676377989934,-71969.86335108163,-275741.1557669081
51,-29039.72739474041,-70973.88622260961,-281440.5109868924
52,-28093.54870736276,-69947.12639848705,-287141.05764513067
53,-27266.021175686332,-68905.39965191443,-292842.8121729249
54,-26508.872330721784,-67859.3673518866,-298543.45066758874
55,-25850.869983795546,-66815.90723178179,-304244.3399147417
56,-25327.699606114213,-65792.4854213964,-309947.2720009511
57,-24841.78441111445,-64775.1085952148,-315647.56634758017
58,-24451.163272372796,-63781.29907472771,-321348.1161048832
59,-24209.72365008599,-62844.548571470266,-327051.9794865186
60,-24032.064331343416,-61939.66707671881,-332754.96129095485
61,-23911.456782628404,-61064.81182307885,-338456.76469894184
62,-23903.58944990358,-60261.02626833764,-344160.95591768296
63,-23945.90051212536,-59495.03193033985,-349864.0946599086
64,-24085.27289048063,-58810.940900001435,-355569.70967360307
65,-24252.849187698448,-58156.58094492424,-361273.36868188204
66,-24504.020814207808,-57592.41987149833,-366979.78988278663
67,-24778.417958318845,-57061.285188602866,-372684.50341555366
68,-25118.80073318363,-56623.6344694105,-378392.1398804744
69,-25496.09765310333,-56255.31328132302,-384100.9449690399
70,-25945.364793472843,-56040.423280934985,-389817.5353592088
71,-26341.68394841176,-55752.93609700988,-395524.8705250246
72,-26771.44427822828,-55565.45209861139,-401236.406596225
73,-27195.562109854654,-55391.62105673431,-406945.5913164107
74,-27634.45590751891,-55318.080853119216,-412659.8653675294
75,-28061.846403436175,-55261.58533439605,-418372.6956687608
76,-28480.129748509047,-55240.90717052023,-424085.96568801504
77,-28886.748583309964,-55243.39644286623,-429798.8061880099
78,-29264.308225693945,-55364.15133546204,-435521.74077843846
79,-29617.840337016416,-55470.4645967801,-441242.05801520444
80,-30927.916107355435,-53134.11639253823,-446650.2385140448
81,-30851.593474042456,-54580.82985430262,-452524.85807033133
82,-31223.07107485163,-54825.21064344162,-458245.92924426583
83,-31607.154704172906,-55016.73303640409,-463957.5959117031
84,-32016.539050182437,-55175.62430365818,-469660.25540460594
85,-32391.874265651677,-55369.10315273373,-475365.9208404369
86,-32779.26970128439,-55559.85622034574,-481066.36355908547
87,-33104.7239291535,-55788.948572524096,-486773.57894409215
88,-33462.42150908853,-56009.48320839059,-492472.5456905376
89,-33791.40236737656,-56248.47973577715,-498172.7276115629
90,-34112.88750353231,-56498.563528696985,-503870.79342960526
91,-34374.106626459645,-56761.67434816877,-509574.2350127641
92,-34676.52022712914,-57033.06706076376,-515268.27449244185
93,-34859.9230925194,-57302.108792390856,-520976.0030669564
94,-35087.306429574084,-57581.46083940802,-526673.7480527081
95,-35247.40895782974,-57851.09942889395,-532377.8343084942
96,-35365.26457205374,-58108.78525099011,-538084.8906659335
97,-35489.85730160889,-58370.71321646797,-543787.3889647637
98,-35549.92767267065,-58603.9646228043,-549497.0151359143
99,-35596.21502271187,-58827.69791760293,-555205.9352646645
100,-35619.02787378905,-59034.86967083465,-560916.1187160871
101,-35640.27681091153,-59239.66776773413,-566623.6358430549
102,-35656.88642395239,-59442.04700947284,-572328.8273944765
103,-35629.742540878375,-59604.95155840919,-578040.6952287344
104,-35586.85666050993,-59747.78474078596,-583754.1825343475
105,-35525.63639039448,-59863.44114820343,-589470.966599692
106,-35459.29385683387,-59964.11451790599,-595188.3578743287
107,-35409.15696979813,-60083.02618234498,-600898.9551204637
108,-35341.16906348,-60168.56687664858,-606614.7980092504
109,-35261.64281644678,-60220.93038206046,-612336.2254852166
110,-35176.97648504641,-60241.03526431573,-618063.6464447175
111,-35108.46072738094,-60283.324326000096,-623784.3410783783
112,-35036.67751915102,-60284.789166236544,-629514.3069351207
113,-34974.853571836444,-60282.42410329352,-635245.0559792363
114,-34923.7621153594,-60292.503209517236,-640972.4704086091
115,-34882.66035737787,-60264.56936499188,-646711.635453224
116,-34848.22415819438,-60289.00109310625,-652435.9810911326
117,-34830.20916617955,-60269.166088430706,-658176.2380264176
118,-34803.2253750858,-60312.913464126555,-663895.7264988344
119,-34794.99282655651,-60321.18011097879,-669630.0292519664
120,-34780.331866377135,-60355.72789115296,-675355.4064149776
121,-34760.45664901325,-60401.31465244403,-681076.5127726949
122,-34713.09313644338,-60472.880017341966,-686782.341266963
123,-34704.838811352194,-60504.90938846408,-692511.5163025549
124,-34695.188076570324,-60542.50579992779,-698239.7025464902
125,-34621.51737563307,-60611.54698117408,-703937.8221871142
126,-34593.52010867993,-60653.46970768036,-709659.5664147952
127,-34527.333659195916,-60703.00021994237,-715365.2973300328
128,-34466.95924954141,-60744.19733281622,-721075.3015184952
129,-34432.70612659866,-60779.188893552826,-726798.1639649933
130,-34363.436533953216,-60811.7995685395,-732506.9733365698
131,-34264.21159084297,-60834.59868920095,-738203.7390256369
132,-34281.646391830545,-60872.68116904734,-743953.6613267515
133,-34172.492939950636,-60882.53599009199,-749648.0295946583
134,-34117.15293091257,-60901.750266653275,-755367.9503794435
135,-34023.70441983853,-60902.2558221126,-761070.5938186091
136,-33940.68694273418,-60900.71977462516,-766778.5489591543
137,-33873.83887194596,-60903.126409115066,-772495.4014363165
138,-33826.69322981144,-60915.98673549558,-778224.4997476515
139,-33804.16880716181,-60948.59341997573,-783971.1838071267
140,-33799.08758315936,-61002.49732258345,-789734.7412602305
141,-33721.031175809156,-60996.19870057423,-795455.0002935564
142,-33677.11167313677,-61024.01173231242,-801203.377011085
143,-33611.73809051503,-61031.317580704985,-806940.3844585386
144,-33607.33702060999,-61126.21717045382,-812742.3370134626
145,-33610.27944937961,-61261.02715907431,-818576.6076668758
146,-32383.559768009465,-59149.331443232106,-822833.2747470218
147,-32449.96834460208,-59123.18849642103,-828542.4782664648
148,-32522.840715188977,-59118.68888077497,-834262.6104293484
149,-32586.718409168374,-59096.97287399561,-839965.6077825172
150,-32657.41945338787,-59107.50282951044,-845688.8506854883
151,-32723.010115294957,-59111.958457343186,-851403.9118676239
152,-32786.22845015209,-59118.004615879414,-857116.7095332727
153,-32846.40288917579,-59150.37877683848,-862849.8896183403
154,-32901.55231511148,-59174.9173272358,-868574.7652856952
155,-32954.73994001613,-59190.02990908549,-874288.4490991018
156,-33011.27348265423,-59190.87374309418,-879983.0763186633
157,-33052.56271294412,-59228.17498392809,-885717.1384170711
158,-33091.80052264456,-59258.14093612435,-891443.1677959429
159,-33105.792728709086,-59313.08959667996,-897209.5246410002
160,-33196.32744983588,-59278.008267741716,-902827.3369757186
161,-33229.002088002846,-59308.56831817626,-908549.30836203
162,-33252.24887318408,-59341.71096931998,-914280.0771592188
163,-33258.31704802091,-59378.46788368417,-920030.0255184845
164,-33692.059741784484,-59263.3689272878,-925174.8480685794
165,-33829.55502139646,-59304.01494146497,-930749.4560220417
166,-33759.901469562865,-59389.326684182306,-936598.8700051786
167,10088.95966648384,4577.5354414519425,9234.438777800435
168,4311.458948066787,4259.437907575657,3533.3861910801397
169,-1421.8331139529928,3525.520734612609,-2164.661075957507
170,-7051.614019833529,2291.4286711327954,-7868.566336588192
171,-12566.498013573804,717.981997854527,-13568.368498032782
172,-17909.51544732743,-1240.4602238632174,-19270.7438983071
173,-23065.378016764767,-3509.384732568783,-24972.161404206254
174,-28027.62491613497,-6036.040974816964,-30670.02143231866
175,-32725.261512870202,-8845.164441326751,-36371.37985306374
176,-37169.75490056418,-11862.763406961007,-42071.47098740635
177,-41320.496221060894,-15071.769640739427,-47773.130356595044
178,-45174.95783991743,-18427.37776253891,-53474.79410230828
179,-48595.028079873446,-21934.568375360614,-59189.918351413646
180,-52039.24033995797,-25429.68898019738,-64869.05977607837
181,-54973.035157857536,-29036.327111378054,-70568.2295907702
182,10094.581830148498,3299.9691550595753,8864.217474709316
183,10135.463168706305,3114.7702732595835,8683.764416296208
184,4487.0351530275975,2684.1490380950304,2973.0236565832197
185,-1120.8482865328915,2181.316055931306,-2719.283067809194
186,-6640.314938466972,1063.8927100613912,-8421.315490384182
187,-12048.72566615693,-404.4477433499885,-14121.340994983122
188,-17316.272993470324,-2211.638260426307,-19820.196002054716
189,-22387.26049973956,-4379.875291352987,-25521.61991487057
190,-27237.623205808854,-6846.758480580144,-31224.211726419067
191,-31865.678346759458,-9545.685827006424,-36925.43011328344
192,-36249.42004712316,-12452.959159722888,-42625.76617509571
193,-40343.886510746874,-15557.66811328481,-48327.70423864114
194,-44157.07157128173,-18806.359572210033,-54029.14002346848
195,-47694.69772092553,-22162.475683844117,-59728.79675820813
196,-50888.061708365385,-25618.19594636141,-65431.340908359314
197,-53815.679448851406,-29117.323775049663,-71130.30795177235
198,-56414.19489846392,-32648.85201800429,-76830.2274379416
199,-58677.33665315708,-36181.37324582436,-82531.4297103467
200,-60653.30591157585,-39688.92828234257,-88230.477364129
201,-62300.38495136771,-43146.174264886926,-93930.66815725378
202,-63618.7055295914,-46525.29272130972,-99632.4573382379
203,-64654.67243175709,-49813.33284898794,-105332.94955311528
204,-65388.1184214791,-52983.39395148729,-111034.41404679052
205,-65854.75821932922,-56027.51550945669,-116734.90259311452
206,-66049.27313288585,-58923.56822096787,-122435.84677106657
207,-65988.90369590581,-61659.3615230037,-128136.99489270331
208,-65681.69415282922,-64218.21350990148,-133839.055680447
209,-65165.41725523105,-66606.38535361427,-139539.90842371937
210,-64433.23912853672,-68798.59328695685,-145241.93082768712
211,-63474.42819606936,-70756.81812361091,-150948.90896548508
212,-62383.254746325314,-72551.61159437997,-156651.83813071935
213,-61138.773643351364,-74144.10198475819,-162355.26385396294
214,-59757.72422409118,-75530.63749389189,-168059.58150730518
215,-58256.36185971476,-76706.48170337292,-173765.51629692895
216,-56665.532924556996,-77694.33201430025,-179470.78360020992
217,-54992.507889579094,-78478.06020835342,-185177.82174064254
218,-53338.35434907468,-79304.38370101714,-190856.86854078548
219,-51499.53557752395,-79531.40657094086,-196588.1826222282
220,-49699.440060703666,-79775.8532956542,-202296.46168371337
221,-47888.94827123732,-79844.85086421987,-208006.9100033251
222,-46085.892388859706,-79770.45360005666,-213716.51271141713
223,-44302.088110667544,-79553.65219133734,-219426.5044210231
224,-42484.16782938142,-79551.4093415148,-225078.5931479418
225,-40833.148202820346,-78761.76649075857,-230842.9755465779
226,-33457.64118448642,-59463.02870068983,-942747.6599776548
227,-33463.405707751284,-59492.49690713801,-948478.8098604607
228,-33483.74400973667,-59520.91106799689,-954187.1363428712
229,-33420.04405826296,-59532.3688382454,-960006.6856489633
230,-33344.21756018617,-59528.07034515243,-965844.6904820092
231,-33372.01155572978,-59546.6875335905,-971539.0915263495
232,-33376.96343736405,-59557.70786648045,-977264.6411327794
233,-33385.70670137654,-59569.5579381804,-982983.9002903576
234,-33397.85569676818,-59583.04219109843,-988696.8547461489
235,-33396.441942061516,-59587.77857800073,-994431.8030453452
236,-33416.215886700884,-59606.69766418557,-1000129.434114373
237,-33413.553713636524,-59608.50788814796,-1005867.7618178779
238,-33428.33734096444,-59624.849604795556,-1011571.6744984086
239,-33437.33705620962,-59636.55511526005,-1017286.0628497951
240,-33443.77958426718,-59645.63012383074,-1023005.9250365284
241,-33445.11735685514,-59647.55383881708,-1028740.7817312974
242,-33456.39803550495,-59663.06034585885,-1034446.8077059226
243,-33458.47937307637,-59663.952659084156,-1040184.1415319262
244,-33469.51288571824,-59681.1887775406,-1045886.7933887402
245,-33473.743628269694,-59684.48693463428,-1051620.1611695753
246,-33478.70821855969,-59687.40162656875,-1057355.7179306399
247,-33483.192491355214,-59684.137191645204,-1063107.7389535296
248,-33493.6994513064,-59708.60405186779,-1068794.9152313322
249,-33501.090569580505,-59724.18754212146,-1074502.9150192607
250,-33507.667025254406,-59728.91184094722,-1080240.3015673258
251,-33514.72846259458,-59736.884110654304,-1085971.4172729258
252,-33520.72187561527,-59751.31914474017,-1091684.8380163242
253,-33526.71821210536,-59763.006860962894,-1097407.5181020882
254,-33529.97007593335,-59779.94862315355,-1103111.8910238962
255,-33534.555427749685,-59791.79666878656,-1108834.805535213
256,-33535.855739327984,-59807.370226691004,-1114541.5678193893
257,-33895.73670099875,-59458.819640494425,-1122190.3636924636
258,-33534.0207292952,-59837.10837147372,-1125951.320556007
259,-33539.99663407282,-59845.23056792273,-1131696.8776830516
260,-33532.46288343852,-59860.94208928108,-1137383.4434114974
261,-33527.053006183065,-59873.46895314682,-1143085.3339167002
262,-33527.17211075429,-59883.211485544154,-1148814.66760287
263,-33518.56382843106,-59894.244367779815,-1154511.2496865247
264,-33509.11996857947,-59903.82327976724,-1160208.242088469
265,-33496.3687165188,-59911.91143228784,-1165895.0762289916
266,-33496.38304987082,-59919.68524125893,-1171636.5530751795
267,-33488.04575434352,-59926.33842444739,-1177346.8801273983
268,-33473.4799939026,-59930.59040768908,-1183033.45936006
269,-33861.3632741985,-60070.29518378227,-1190465.7160429293
270,-33459.01614297133,-59940.523854800675,-1194474.7621184164
271,-33440.58797563225,-59939.45890886208,-1200147.1106111696
272,-33430.31135333444,-59941.04650091109,-1205857.2628873428
273,-33417.44756129247,-59940.23416130277,-1211555.1028778004
274,-33409.75152293657,-59942.13006585669,-1217280.6518578255
275,-33400.13285157861,-59942.220498739225,-1222997.5007401232
276,-33390.36811200065,-59941.64619346924,-1228714.6322028206
277,-33615.5875671032,-60189.55294213792,-1236082.7013670919
278,-33363.73872550879,-59930.37520851854,-1240096.616360048
279,-33353.23862676264,-59926.03161579916,-1245803.258778141
280,-33346.34005249109,-59926.119437029156,-1251542.3650221988
281,-33335.61290950881,-59919.746208229764,-1257243.4966772231
282,-33325.58248111095,-59913.11192030436,-1262946.2089244933
283,-33315.78159602679,-59905.17048085333,-1268643.0529327223
284,-33308.495768806744,-59902.33854340317,-1274377.381972131
285,-33299.97604884554,-59894.475853713346,-1280080.000938341
286,-33292.79019085504,-59890.43507984495,-1285812.9061272496
287,-33285.11515329247,-59879.44170534123,-1291495.7871273744
288,-33278.57608354987,-59871.936095839206,-1297206.2710542788
289,-33272.225140068585,-59867.83684493389,-1302948.1933959706
290,-33266.79161265533,-59858.565482389204,-1308646.909138377
291,-33261.07681670715,-59852.93572518986,-1314381.7059136825
292,-33257.53816491159,-59842.46772282717,-1320066.981315385
293,-33254.55592720278,-59833.28935206905,-1325762.488220604
294,-33249.408555371025,-59828.45974817197,-1331513.7440719402
295,-33248.585016393146,-59818.64304199433,-1337195.1102490823
296,-33247.366375583435,-59810.63730638713,-1342897.195475116
297,-33244.58600318186,-59804.47155527724,-1348631.6086907948
298,-33243.72725499861,-59797.39641562921,-1354345.587514728
299,-33244.687161829104,-59790.09192579745,-1360043.3440646469
300,-33244.25473283594,-59783.86289921852,-1365766.914404252
301,-33246.15782559676,-59777.49163096462,-1371467.703956913
302,-33247.96093001569,-59771.70061016843,-1377176.4861026062
303,-33251.18824873603,-59766.35919894104,-1382873.843628658
304,-33256.10316893319,-59761.74232499122,-1388555.9126286737
305,-33257.13113812779,-59757.17067190238,-1394291.273418856
306,-33260.90524331614,-59753.33612704295,-1399997.2844282778
307,-33262.862665066874,-59749.30685505481,-1405731.4731312538
308,-33269.32645406119,-59747.16324833314,-1411410.3947213
309,-33270.90509117504,-59743.37636261531,-1417159.6402707545
310,-33276.610751958026,-59741.79752327989,-1422855.0481673856
311,-33283.16098441735,-59741.27587709494,-1428538.8372377043
312,-33285.90031808439,-59738.62403189679,-1434285.1484244629
313,-33291.15996944388,-59737.98603205595,-1439993.906981541
314,-33297.81166171501,-59739.02295517241,-1445677.2876370046
315,-33301.96040103352,-59738.162792534815,-1451409.292149821
316,-33307.78082915684,-59739.38282005616,-1457107.221934504
317,-33312.17851932533,-59739.3123832176,-1462838.4842214757
318,-33318.10468361167,-59741.70127289915,-1468528.64543924
319,-33323.09371735581,-59743.28926900952,-1474241.3121208414
320,-33327.99527650624,-59745.22538697302,-1479953.4744360766
321,-33332.88227972806,-59747.74590190562,-1485659.8161912533
322,-33337.26990026065,-59749.66278906403,-1491384.174270836
323,-33342.039601044606,-59753.680165574195,-1497069.2763000447
324,-33346.02469605211,-59755.77117968671,-1502800.4750754756
325,-33350.00292870933,-59758.89480847347,-1508513.59582224
326,-33353.7427651177,-59762.35604688809,-1514222.5109313338
327,-33357.23553560886,-59765.52077636939,-1519942.473206164
328,-33360.34244196916,-59769.68611773057,-1525638.2203886379
329,-33363.15010426197,-59773.54849375018,-1531343.0754351534
330,-33365.86810269981,-59776.84271712599,-1537067.402041313
331,-33367.899734369785,-59781.03644171808,-1542761.8539467396
332,-33369.87670097983,-59784.66947511182,-1548475.3723316782
333,-33371.75589549883,-59788.06792536923,-1554199.1391073272
334,-33372.69447228846,-59792.07269203093,-1559890.8521740222
335,-33373.68192987232,-59795.607404218084,-1565600.80184585
336,-33374.813747831315,-59798.803508109464,-1571329.2572032514
337,-33374.87992894227,-59802.301568350755,-1577025.2416588813
338,-33374.36092993513,-59805.66232108043,-1582710.4823271632
339,-33374.21907443157,-59808.61836826089,-1588421.4265571856
340,-33374.680200147974,-59811.33774469713,-1594164.5565611853
341,-33373.549339060446,-59814.03011188717,-1599856.881308982
342,-33372.16295070076,-59816.448380128706,-1605548.2331758733
343,-33371.2864815298,-59818.70530320642,-1611266.6747880392
344,-33370.38465824445,-59820.83180024513,-1616991.9583891793
345,-33368.71624728736,-59822.62129976018,-1622694.6882130536
346,-33366.76167407201,-59824.117727569996,-1628391.9162049727
347,-33365.031143472035,-59825.52024111781,-1634103.8088561113
348,-33363.382525873494,-59826.8256967071,-1639825.059323024
349,-33361.6576439834,-59827.975522946545,-1645548.9294936445
350,-33359.37332057104,-59828.62583402254,-1651251.0501711427
351,-33356.99721276661,-59829.01775510916,-1656950.9824243002
352,-33354.61178671354,-59829.20484341564,-1662651.8208165318
353,-33352.45462482277,-59829.42602799523,-1668367.5449713045
354,-33350.123667835396,-59829.301760313305,-1674073.5959893505
355,-33347.76302586871,-59828.94222272539,-1679776.5273415311
356,-33345.90023746827,-59829.088939208144,-1685519.895213591
357,-33343.59535891075,-59828.44526428666,-1691225.8476304
358,-33341.24014897606,-59827.44102446002,-1696919.174672333
359,-33338.90889041049,-59826.11319551153,-1702600.64437254
360,-33337.09362734406,-59825.727889306974,-1708348.3071130547
361,-33335.04150298321,-59824.407499063775,-1714044.705124808
362,-33333.1911895876,-59823.39522157209,-1719767.9370369662
363,-33331.36276135672,-59821.85948481785,-1725461.5463106572
364,-33329.6897812846,-59820.659071456204,-1731184.276129269
365,-33328.11009993102,-59819.25803841045,-1736897.6568384692
366,-33326.65287771032,-59817.74875408584,-1742606.646299887
367,-33325.27854371516,-59816.3637405007,-1748330.4784444564
368,-33324.11322169575,-59814.66390867427,-1754027.8234500014
369,-33323.043177749925,-59813.084478783676,-1759737.5189659311
370,-33322.107007755694,-59811.503647145786,-1765447.2963461196
371,-33321.309517430076,-59809.92719630082,-1771156.4419660317
372,-33320.63725595656,-59808.380192353114,-1776867.0098858953
373,-33320.28371866984,-59806.72839874514,-1782552.321532671
374,-33319.683846863045,-59805.380815483615,-1788288.5133228116
375,-33319.44783638085,-59803.924675332535,-1793993.2905296788
376,-33319.13071844638,-59802.595273778425,-1799722.6815964754
377,-33318.89740224398,-59801.30036685312,-1805455.2869460564
378,-33319.04769019893,-59800.00995485226,-1811156.6020916326
379,-33319.51255634989,-59798.80590254345,-1816834.849935428
380,-33319.403620801095,-59797.681005647784,-1822590.2900825355
381,-33319.96871913657,-59796.6623409736,-1828279.9556881594
382,-33320.3596319167,-59795.69925082159,-1834000.0220442147
383,-33320.927953287195,-59794.84203018238,-1839709.1765603602
384,-33321.51859170679,-59794.05840887201,-1845424.8374884287
385,-33322.141637935274,-59793.345610882345,-1851145.4225780903
386,-33322.97138137401,-59792.792647493654,-1856847.2035349635
387,-33323.675638015695,-59792.23558556035,-1862573.200539866
388,-33324.74272994811,-59791.97566965744,-1868253.222942046
389,-33325.42276589072,-59791.510957364575,-1873996.936869571
390,-33326.39995193948,-59791.333559551276,-1879699.2342559907
391,-33327.344650573854,-59791.201564055584,-1885410.0641912594
392,-33328.28245589552,-59791.13144318338,-1891125.043682874
393,-33329.27601107368,-59791.199707881606,-1896829.450548911
394,-33330.19827594029,-59791.25387587305,-1902550.4513841614
395,-33331.14916178652,-59791.42448911436,-1908263.5477577024
396,-33332.1010273524,-59791.6886563091,-1913972.077935416
397,-33333.01233086707,-59791.975181830276,-1919688.2341290566
398,-33333.885696068326,-59792.2740111941,-1925413.4726538626
399,-33334.78699981363,-59792.79265545011,-1931106.7528865454
400,-33335.57819611504,-59793.06211903452,-1936859.6315084153
401,-33336.38369016793,-59793.54494747456,-1942579.674876262
402,-33337.15626146138,-59794.19545437389,-1948271.3375133933
403,-33337.87445573541,-59794.7228428167,-1953997.8115512254
404,-33338.55087216252,-59795.301943411665,-1959719.8820360953
405,-33339.13824577528,-59796.07437471591,-1965396.022154106
406,-33339.742265523564,-59796.59399540168,-1971146.6401607823
407,-33340.20834038632,-59797.352507992415,-1976829.3506382373
408,-33340.769222446856,-59797.84654735544,-1982604.9175891103
409,-33341.20763327914,-59798.492396367124,-1988333.8758272233
410,-33341.67412363208,-59799.069345180425,-1994098.785142385
411,-33342.08306310579,-59799.682402214195,-1999856.733349686
412,-33342.22453647331,-59800.43758336613,-2005528.084777402
413,-56599.88923477075,-32680.276081702497,-76367.5704820629
414,-58780.809811154475,-36219.70833119678,-82077.31861062326
415,-60574.631078558275,-39707.375047452355,-87794.42162970665
416,-62158.24534019554,-43142.7881868521,-93501.2279186659
417,-63496.76804585548,-46515.08747456351,-99201.68607277847
418,4436.988054336698,2995.240398440768,3158.2519491995313
419,-1169.6901227515382,2266.9192809138563,-2546.2551965016883
420,-6673.389948862485,1086.1106970467429,-8254.257144735018
421,-12037.76984349405,-484.79726163122837,-13963.85293633477
422,-17241.029677326856,-2384.910816140664,-19672.615616822877
423,-22287.915828427816,-4543.545669684332,-25375.80259365827
424,-27111.633529437226,-6997.770683212089,-31080.878604933612
425,-31700.66948287074,-9695.25116297087,-36785.85982889164
426,-36043.537706788775,-12597.095121171104,-42489.746999666444
427,-40120.70041319127,-15674.971784196705,-48193.003583175676
428,-43900.06988121931,-18904.393963134455,-53897.68016543421
429,-47443.0593939437,-22230.835087001975,-59595.80934706383
430,-50591.59860623976,-25663.69848883463,-65303.600478547174
431,-53437.90892301147,-29141.648731352558,-71010.36933464394
432,-56002.97679887631,-32639.80065722009,-76713.68854722213
433,-58193.999283961704,-36129.27495014861,-82423.28196662456
434,-60128.03963424019,-39592.29431623241,-88127.06017278771
435,-61749.27375606424,-43002.32631147773,-93831.29869831538
436,-63071.87666897055,-46339.174587484114,-99535.10919346589
437,-64122.30620009662,-49591.28193649492,-105236.29007660641
438,-39173.635058358814,-78184.79002921618,-236553.4220816692
439,-37581.08456334957,-77500.57038640667,-242266.1658333782
440,-36033.003780096995,-76769.00177769024,-247969.97766326973
441,-34572.00122061248,-75938.39816690549,-253678.70324839506
442,-33172.454332183195,-75058.41833414958,-259382.07297735004
443,-31881.527284030708,-74100.36598342372,-265092.1532291921
444,-30644.95620267345,-73117.75339243087,-270793.2702759519
445,-29521.917292781443,-72083.93798011099,-276499.83449162816
446,-28498.99442059036,-71021.5413613899,-282207.513876625
447,-27538.941951398367,-69948.4675773568,-287907.4493533267
448,-26710.198443110632,-68858.04645992207,-293614.9802912341
449,-25971.10904322043,-67768.03969647623,-299320.5802101331
450,-25297.51845833475,-66682.22638412652,-305018.9935272165
451,-24747.865366112906,-65610.14576370698,-310723.4051680675
452,-24297.2535364903,-64559.72025450259,-316428.69476692
453,-23927.613406632692,-63533.316740648566,-322131.21761968604
454,-23671.809080943058,-62548.05853079128,-327839.39199560205
455,-23501.48695823834,-61602.98543360726,-333547.53573754255
456,-23394.72353267383,-60692.68962733544,-339250.910460784
457,-23385.053681738344,-59840.30778563295,-344959.29062218603
458,-23465.78841630833,-59052.4798242061,-350672.93800961156
459,-23567.75939274177,-58284.99377192708,-356372.6204979695
460,-23789.182997462525,-57619.97568887316,-362090.3769738
461,-24071.799779871304,-57023.15000278479,-367811.2493397494
462,-24366.17739516686,-56447.692340771566,-373518.1435087502
463,-24735.397590033503,-55966.91225896124,-379237.6601447685
464,-25128.33491369328,-55528.24691918441,-384951.03501271986
465,-25575.18822753209,-55182.79648233699,-390676.703880701
466,-26022.98284961422,-54852.873572857534,-396387.5863682377
467,-26523.298413779445,-54644.80659438647,-402122.4936463568
468,-26992.853009938706,-54377.49051683681,-407815.9545914079
469,-27529.2467504671,-54328.56101997043,-413572.56650204706
470,-28046.402566250792,-54275.408578228766,-419310.7792626939
471,-28557.02882370632,-54255.58533443565,-425045.55541221966
472,-29060.208487638927,-54274.60799740622,-430780.2929733072
473,-29554.601851845146,-54307.58912215612,-436504.7919713143
474,-30031.722467611915,-54422.17972608391,-442252.73308971967
475,-30505.359952841536,-54503.018183861655,-447968.4249963188
476,-30952.929580206393,-54652.4749332449,-453706.110121748
477,-31385.659525034578,-54813.9257261365,-459437.26659984473
478,-31768.562121858253,-55039.7566232202,-465200.2800661709
479,-32428.515680893244,-54926.12496762532,-470674.85229122924
480,-33334.98637191796,-59804.370646284544,-2008461.6561731908
481,-33334.7974814329,-59804.22460650992,-2014153.79647022
482,-33334.68633097837,-59804.05574899961,-2019868.8458728867
483,-33334.523479223404,-59803.899863439845,-2025560.3922944316
484,-33334.48175197151,-59803.734843495564,-2031288.9933728485
485,-33334.36266906994,-59803.578082783475,-2036985.783884591
486,-33334.345927175455,-59803.432258798464,-2042713.3896279668
487,-33334.23465484178,-59803.27699914478,-2048403.3198980188
488,-33334.24234736165,-59803.15020424919,-2054131.173004086
489,-33334.191232471465,-59803.01195569294,-2059833.7258277514
490,-33334.19001546905,-59802.89495226763,-2065550.983665611
491,-33334.129433918846,-59802.75225096381,-2071240.8132539722
492,-33334.09227842343,-59802.617581280196,-2076934.7003047874
493,-33334.10514446777,-59802.51282491679,-2082645.4399199921
494,-33334.188917983935,-59802.46542254874,-2088386.7032046497
495,-33334.1902543697,-59802.3609524248,-2094086.3729770281
496,-33334.150673229524,-59802.21380710876,-2099757.803744634
497,-33334.2124792388,-59802.16346195032,-2105481.1789858635
498,-33334.239712704075,-59802.07844755197,-2111180.506775653
499,-33334.30896630106,-59802.04943850889,-2116906.63945012
500,-33334.31876799988,-59801.935471170065,-2122581.825249697
501,-33334.38487564764,-59801.9084050867,-2128300.9086211743
502,-33334.44208204176,-59801.87040788498,-2134010.1166904215
503,-33334.48335428931,-59801.79217820727,-2139692.1928888955
504,-33334.55203332647,-59801.78391810047,-2145410.6335982685
505,-33334.60876170777,-59801.73560748586,-2151101.176054664
506,-33334.67617070346,-59801.73587839439,-2156817.799552384
507,-33334.741355614264,-59801.74705768405,-2162538.9424630036
508,-33334.80365501405,-59801.73656234171,-2168242.356532877
509,-33334.86245618588,-59801.758651123186,-2173966.643753293
510,-33334.914809987116,-59801.7884202412,-2179696.2625992876
511,-33334.972469932356,-59801.78657241106,-2185397.712490545
512,-33335.02460109314,-59801.80037903404,-2191109.99345219
513,-33335.09790997894,-59801.779249435815,-2196781.414206172
514,-33335.14627131357,-59801.80368339882,-2202496.6316839466
515,-33335.187319071236,-59801.83292668934,-2208217.3318730686
516,-33335.22277000955,-59801.86296811774,-2213940.175712264
517,-33335.27849356756,-59801.87724065632,-2219633.970663349
518,-33335.29644715289,-59801.912753911434,-2225369.686158051
519,-33335.35746861009,-59801.92807961801,-2231053.0066331457
520,-33335.3993946033,-59801.95319218252,-2236755.6452004462
521,-33335.436941171,-59801.98027073035,-2242460.395203977
522,-33335.44973328554,-59802.00934182931,-2248188.5322453086
523,-33335.494249038355,-59802.03690918456,-2253880.552409455
524,-33335.51196070058,-59802.0641048271,-2259598.2171952827
525,-33335.54145559544,-59802.09268336807,-2265300.8330036
526,-33335.582503938516,-59802.12570482974,-2270987.933153279
527,-33335.60749048264,-59802.156408520685,-2276689.402851874
528,-33335.59882518396,-59802.173995541314,-2282427.1185810994
529,-33335.637372634876,-59802.211952081954,-2288106.906856102
530,-33335.64992992088,-59802.23892316827,-2293814.609087325
531,-33335.65540365451,-59802.26166708179,-2299529.1211138885
532,-33333.95628703195,-59800.991568272424,-2307710.6006558086
533,-33335.664930215484,-59802.30519034049,-2310954.348707529
534,-33335.68815270794,-59802.34472076407,-2316632.552420756
535,-33335.695282660985,-59802.37175919102,-2322331.9176828084
536,-33335.69690355987,-59802.394004006426,-2328037.6279105623
537,-33335.69374250281,-59802.410694234146,-2333750.58336206
538,-33334.772214441364,-59800.985478577,-2341878.630005453
539,-33335.68531874777,-59802.44041913673,-2345176.397782779
540,-33335.68651765739,-59802.46694271723,-2350866.3673728886
541,-33335.68102936695,-59802.48193864047,-2356573.6961012776
542,-33335.67658139424,-59802.50203396126,-2362269.5972931776
543,-33335.66223342504,-59802.485597267965,-2368030.676054407
544,-33335.659133517016,-59802.51735049502,-2373700.0757849584
545,-33335.65110536074,-59802.53328096896,-2379395.8973926743
546,-33335.641890279716,-59802.534698339485,-2385119.4240868012
547,-33335.6325646911,-59802.54387315115,-2390824.6329862964
548,-33335.623796078624,-59802.54687287749,-2396542.309827626
549,-33335.610730289125,-59802.5634067019,-2402222.534287906
550,-33335.604439333445,-59802.558276584736,-2407958.8343667034
551,-33335.59583292123,-59802.56043513274,-2413674.488290479
552,-33335.57936866139,-59802.572668474946,-2419351.8257752396
553,-33335.5731068229,-59802.570176544716,-2425079.176018886
554,-33335.557348832306,-59802.57647723292,-2430766.0926727215
555,-33335.54712376151,-59802.576739062555,-2436476.0414703703
556,-33335.530605217195,-59802.57959240873,-2442163.3568453672
557,-33335.522298940785,-59802.57744476131,-2447879.5322678383
558,-33335.50786230589,-59802.57685162665,-2453574.3853406417
559,-33335.504007585194,-59802.5733922063,-2459303.187279466
560,-33335.48829643029,-59802.57133551104,-2464992.739639698
561,-33335.479841826884,-59802.56803179816,-2470704.75406288
562,-33335.46544667528,-59802.56384879669,-2476396.6882355525
563,-33335.46403380201,-59802.560899623466,-2482129.5071813455
564,-33335.45390849674,-59802.55640694405,-2487833.112289923
565,-33335.439769703284,-59802.54992374608,-2493521.6088709338
566,-33335.44278235433,-59802.54928170189,-2499268.2435579593
567,-33335.431042815464,-59802.54265375428,-2504962.247616997
568,-33335.420352609275,-59802.535574143614,-2510657.6088216063
569,-33335.418987728895,-59802.53361652788,-2516388.1441341643
570,-33335.40841197413,-59802.52534987539,-2522079.792418056
571,-33335.870749748094,-59802.91208948027,-2529977.7608735636
572,-33335.395719988635,-59802.51300663505,-2533492.155914575
573,-33335.39549375673,-59802.512420323306,-2539228.4148299047
574,-33335.388393346984,-59802.5044685374,-2544926.0829074928
575,-33335.38165334242,-59802.49586721717,-2550620.997416611
576,-33335.376970283236,-59802.48905673337,-2556325.224825957
577,-33335.37066171995,-59802.478442826716,-2562009.8518550564
578,-33335.371408505394,-59802.48007662839,-2567757.310418827
579,-33335.367588602225,-59802.472514782,-2573457.1553858435
580,-33335.36390394836,-59802.46341512339,-2579147.83857977
581,-33335.36222996177,-59802.45896641707,-2584863.07054753
582,-33335.361011020635,-59802.45640136613,-2590589.2564614606
583,-33335.35909963121,-59802.44671720546,-2596272.459839468
584,-33335.35823214987,-59802.44140768505,-2601980.468541436
585,-33335.35754070126,-59802.438005600925,-2607700.529201192
586,-33335.35741147599,-59802.432067970716,-2613402.0466379947
587,-33335.35759172961,-59802.42706327175,-2619108.431595396
588,-33335.35659955361,-59802.42579356561,-2624845.682593367
589,-33335.35731190389,-59802.42077090065,-2630550.195446258
590,-33335.35982556552,-59802.41418464891,-2636234.1134979497
591,-33335.36200100402,-59802.40946075906,-2641931.552348808
592,-33335.360462592485,-59802.408676662344,-2647679.052421884
593,-33335.186164182094,-59802.5205501241,-2655381.267653569
594,-33335.367123008655,-59802.400151219575,-2659064.0887764106
595,-33335.36847923484,-59802.397767578055,-2664782.9047082053
596,-33335.37418762184,-59802.39432790321,-2670459.519138642
597,-33335.37307137374,-59802.392972694004,-2676206.541941059
598,-33335.377853961545,-59802.39074768098,-2681896.7700438392
599,-33335.38184118536,-59802.3891226199,-2687596.464669117
600,-33335.381138688565,-59802.38746150182,-2693343.224797228
601,-33335.18860396497,-59802.35186735179,-2700989.907064416
602,-33335.39282827932,-59802.386355127004,-2704711.503816228
603,-33335.396448753636,-59802.38600942327,-2710418.3497389304
604,-33335.39951870547,-59802.38570409491,-2716131.4888073197
605,-33335.22733879682,-59802.30156838993,-2723796.067432974
606,-33335.2409847584,-59802.29367907645,-2729480.421682097
607,-33335.40885415504,-59802.385860043636,-2733273.410620918
608,-33335.41309525223,-59802.38706202599,-2738973.709228858
609,-33335.4138294107,-59802.38575774445,-2744721.54598733
610,-33335.2953749785,-59802.27404686114,-2752283.9962792476
611,-33335.42062063716,-59802.38766033916,-2756147.369215074
612,-33335.42459450571,-59802.38963532111,-2761848.9846313875
613,-33335.427011659085,-59802.38999860139,-2767578.8129789666
614,-33335.43069211782,-59802.39223137347,-2773282.376848856
615,-33335.43448872608,-59802.39515819996,-2778977.7780831503
616,-33335.43749023727,-59802.39721289209,-2784689.0111793987
617,-33335.44032651412,-59802.39931280479,-2790401.7190522165
618,-33335.44271752846,-59802.400582213086,-2796130.232892495
619,-33335.445371114496,-59802.4029261759,-2801843.4312639614
620,-33335.447664461986,-59802.40414922567,-2807578.4347143853
621,-33335.450297631,-59802.4086932439,-2813255.477421521
622,-33335.45240699072,-59802.41005636945,-2818992.596172141
623,-33335.45441033402,-59802.41323374519,-2824696.0886488524
624,-33335.45667608204,-59802.41357895852,-2830462.697227054
625,-33335.4581282662,-59802.417776546325,-2836145.3903943817
626,-33335.46014295262,-59802.4194086496,-2841890.901231491
627,-33335.462049211805,-59802.42146004379,-2847630.8807977913
628,-33335.4625770287,-59802.42550827277,-2853311.341885935
629,-33335.46328179032,-59802.4286471674,-2859015.5076548057
630,-33335.463760026934,-59802.43163516299,-2864721.1818286628
631,-33335.46537988355,-59802.433550356145,-2870475.317841323
632,-33335.46477758236,-59802.436809463616,-2876159.0780713945
633,-33335.46482273792,-59802.439386753445,-2881872.8729086
634,-33335.4648741184,-59802.441797117914,-2887593.3371226145
635,-33335.46464463464,-59802.44414829606,-2893311.263348486
636,-33335.463134079684,-59802.44648917137,-2898997.0254657124
637,-33335.511622641105,-59802.44854089004,-2906166.504182515
638,-33335.46311022457,-59802.45054959084,-2910474.3705360782
639,-33335.46243979543,-59802.45248491517,-2916201.747196055
640,-33335.46005863533,-59802.45394991431,-2921882.438890907
641,-33335.46002061933,-59802.455856995104,-2927639.7483318574
642,-33335.458790939076,-59802.457384480454,-2933365.749219908
643,-33335.45619070876,-59802.458201177804,-2939051.0386921014
644,-33335.45520914811,-59802.45963557846,-2944794.7173033394
645,-33335.45347380484,-59802.46060815642,-2950517.3158793645
646,-33335.45073748691,-59802.460774543455,-2956204.9916759613
647,-33335.449282964284,-59802.46171190373,-2961945.9880164643
648,-33335.44676882851,-59802.46168057514,-2967645.5045155575
649,-33335.44528681032,-59802.46248099616,-2973395.577175088
650,-33335.443322509935,-59802.462760816365,-2979127.8937501814
651,-33335.440511664885,-59802.46187750485,-2984813.3414286035
652,-33335.438188939595,-59802.461361769,-2990524.512751548
653,-33335.43606576632,-59802.4609661542,-2996248.966311729
654,-33335.43377459482,-59802.46009211199,-3001958.043744617
655,-33335.431630671315,-59802.459263372984,-3007676.106958788
656,-33335.4295726203,-59802.45840896259,-3013399.662340889
657,-33335.42748422321,-59802.45715832903,-3019109.6362201404
658,-33335.42553915608,-59802.456034678675,-3024831.9786932245
659,-33335.423598428286,-59802.45418575208,-3030519.868432803
660,-33335.421862028474,-59802.45322595501,-3036262.5388997686
661,-33335.420188264594,-59802.45165788801,-3041974.9992820392
662,-33335.41862761018,-59802.45010763408,-3047692.4544243007
663,-33335.41721678536,-59802.448391300306,-3053401.7877998766
664,-33335.41602611804,-59802.446460191306,-3059095.951225678
665,-33335.41496803339,-59802.44464164286,-3064797.754476977
666,-33335.41385763883,-59802.443152071675,-3070529.670081407
667,-33335.413156994364,-59802.44127697197,-3076223.4090354852
668,-33335.412225448476,-59802.43982717194,-3081963.311974708
669,-33335.411994860166,-59802.43791526878,-3087639.402308604
670,-33335.41162737645,-59802.436303668546,-3093347.5612110305
671,-33335.411066189154,-59802.4348891245,-3099087.822423954
672,-33335.41109329149,-59802.433324395686,-3104783.476802767
673,-33335.411246391726,-59802.43186299879,-3110480.172582075
674,-33335.41121305835,-59802.43053771167,-3116205.2091554273
675,-33335.41147635713,-59802.429262397694,-3121913.856153462
676,-33335.41185338743,-59802.42807773818,-3127622.206556781
677,-33335.412346933605,-59802.42699020827,-3133329.3057896094
678,-33335.412853240974,-59802.42598460711,-3139043.9469215414
679,-33335.41327038404,-59802.42501643179,-3144775.5185210635
680,-33335.41428907557,-59802.42431133667,-3150457.3803628506
681,-33335.41489146021,-59802.42353178789,-3156186.6254693847
682,-33335.41564222458,-59802.422870168884,-3161908.4253371707
683,-33335.40976758281,-59802.418203357534,-3168377.1162597644
684,-33335.41767589781,-59802.42206201652,-3173311.2832842474
685,-33335.41883561104,-59802.42189482246,-3179000.4198126774
686,-33335.41966976716,-59802.42154346622,-3184734.529688201
687,-33335.42082652982,-59802.4215489495,-3190427.807368541
688,-33335.42196323709,-59802.4216378423,-3196122.892727107
689,-33335.423063944225,-59802.421788926855,-3201821.773066711
690,-33335.42413446026,-59802.42200409153,-3207523.142755816
691,-33335.42519758643,-59802.42231835292,-3213221.073955475
692,-33335.42620197985,-59802.42265143855,-3218926.188519361
693,-33335.427046661476,-59802.42275415296,-3224674.5873778895
694,-33335.4280798297,-59802.42340091829,-3230351.548198403
695,-33335.42900555664,-59802.4239701872,-3236047.0334122605
696,-33335.42983648211,-59802.42438657842,-3241773.848030356
697,-33335.43064714897,-59802.42489237577,-3247494.0843226695
698,-33335.43141873776,-59802.42536849253,-3253227.134657927
699,-33335.43215194452,-59802.42606609245,-3258926.925407259
700,-33335.43281698607,-59802.426810745244,-3264620.8949060026
701,-33335.433522144696,-59802.42713966487,-3270407.164226896
702,-33335.43410699557,-59802.42786538971,-3276115.9863710743
703,-33335.43458643915,-59802.42868353308,-3281802.712723891
704,-33335.43509512143,-59802.429325498626,-3287536.31928205
705,-33335.43558271027,-59802.42995186541,-3293280.453786006
706,-33335.43614559347,-59802.430484982346,-3299067.261464515
707,-33335.436502430464,-59802.431197270475,-3304796.0658615353
708,-33335.43679217664,-59802.43191235699,-3310522.094020996
709,-33335.43689539871,-59802.43267418999,-3316210.545619144
710,-33335.43712600807,-59802.433331476655,-3321954.9177221544
711,-33335.437149092744,-59802.43401684855,-3327656.5466883145
712,-33335.437349206404,-59802.43463547734,-3333423.3093913887
713,-33335.437383012184,-59802.43525823939,-3339159.1395414416
714,-33335.437486274786,-59802.43586419851,-3344928.9198183413
715,-33335.43729746845,-59802.436430196714,-3350633.3757860227
716,-33335.432478113005,-59802.435971547005,-3355052.953512882
717,-33335.43275659846,-59802.43625384406,-3360888.8454841655
718,-33335.43262675519,-59802.43643834744,-3366615.748985259
719,-33335.432418051525,-59802.4365801224,-3372324.2642557924
720,-33335.43218671997,-59802.43669262447,-3378029.616846163
721,-33335.43188630573,-59802.436744675986,-3383715.0154376253
722,-33335.43170874752,-59802.436851426006,-3389444.523338731
723,-33335.431429065895,-59802.4368723447,-3395140.4689050163
724,-33335.43119762997,-59802.436910624834,-3400856.17050456
725,-33335.430950052956,-59802.43691830819,-3406567.143001451
726,-33335.430683004124,-59802.43688644074,-3412269.543751355
727,-33335.43046120495,-59802.436886596646,-3417994.7034037896
728,-33335.43019620969,-59802.43681430996,-3423696.1338001825
729,-33335.43004390475,-59802.43689414167,-3429471.455532845
730,-33335.42977467152,-59802.436778536605,-3435169.1462607253
731,-33335.42953281702,-59802.43668245376,-3440882.307477857
732,-33335.429287884304,-59802.43654564882,-3446583.6081826882
733,-33335.429062027426,-59802.43641868906,-3452295.194160599
734,-33335.42884276867,-59802.43626525437,-3457999.62076691
735,-33335.428632550815,-59802.43606978479,-3463687.290840282
736,-33335.42844443747,-59802.43591477085,-3469398.9914047676
737,-33335.42827075681,-59802.435702149814,-3475082.132030541
738,-33335.42810585557,-59802.43558433176,-3480822.587934608
739,-33335.42796534426,-59802.435375563204,-3486510.9198573795
740,-33335.42782763378,-59802.435218254635,-3492234.0976928174
741,-33335.427729007824,-59802.43499926709,-3497912.8523126775
742,-33335.42762840326,-59802.434825523254,-3503624.0975626865
743,-33335.42747426813,-59802.43473635006,-3509417.2973906808
744,-33335.427457665006,-59802.43449388627,-3515060.6175927776
745,-33335.42742601298,-59802.434303214526,-3520744.826930705
746,-33335.427392169455,-59802.434135485186,-3526447.9699524217
747,-33335.42735097397,-59802.43398484864,-3532170.9871622454
748,-33335.42732467853,-59802.43383622607,-3537891.7853498184
749,-33335.42735898141,-59802.43368075785,-3543571.5706278617
750,-33335.42735703975,-59802.43354644905,-3549293.2991082603
751,-33335.427350578,-59802.433418414614,-3555028.357446214
752,-33335.42738581651,-59802.433295250965,-3560738.049648355
753,-33335.42745371606,-59802.43318415848,-3566429.3397286427
754,-33335.42746520782,-59802.433072968364,-3572176.4574454734
755,-33335.4275053555,-59802.43297044894,-3577908.0946485433
756,-33335.427547370135,-59802.43287222083,-3583646.8204416367
757,-33335.42762782208,-59802.43279291387,-3589359.142019677
758,-33335.42775224395,-59802.43274282805,-3595035.943287922
759,-33335.427816809555,-59802.432670643,-3600776.1765848957
760,-33335.42789462662,-59802.43260960505,-3606511.01903097
761,-33335.427999328196,-59802.43257230239,-3612223.183861149
762,-33335.42804055924,-59802.43248821822,-3618017.7604066296
763,-33335.42815028,-59802.43246326775,-3623738.6250485424
764,-33335.4282713138,-59802.43245728829,-3629447.530532005
765,-33335.42837814427,-59802.432443470505,-3635180.4986893167
766,-33335.42850369124,-59802.43246064366,-3640884.938547577
767,-33335.4286332113,-59802.432495964116,-3646577.6597019224
768,-33335.42875044804,-59802.43252489534,-3652290.2240537135
769,-33335.4288747767,-59802.43258147936,-3657976.2327763084
770,-33335.428991715875,-59802.43264193357,-3663666.017101883
771,-33335.42909759819,-59802.43269302298,-3669377.3559591346
772,-33335.42919672555,-59802.4327386718,-3675105.4381290204
773,-33335.42929576537,-59802.43280813421,-3680806.4062786354
774,-33335.42938857902,-59802.43288402927,-3686503.4350432553
775,-33335.42947446778,-59802.432955075514,-3692213.8300469937
776,-33335.429556176976,-59802.43301431489,-3697951.5445838636
777,-33335.42962708511,-59802.43311001041,-3703626.764677369
778,-33335.42970055509,-59802.4331683076,-3709379.663876388
779,-33335.42977106108,-59802.43323074961,-3715133.897142319
780,-33335.42985785447,-59802.4332645942,-3720973.3598882547
781,-33335.42995383554,-59802.4332993356,-3726842.3309370307
782,-33335.430012756224,-59802.43338622735,-3732581.2940283837
783,-33335.42917683901,-59802.43418792655,-3735559.775991232
784,-33335.429822100145,-59802.43374479798,-3743220.156794181
785,-33335.42961651847,-59802.43391005889,-3748324.9581953287
786,-33335.429654977226,-59802.43392864744,-3754139.9388572676
787,-33335.42966078644,-59802.433961764626,-3759871.576514439
788,-33335.42966100667,-59802.43399498414,-3765595.817287708
789,-33335.42964271762,-59802.43402799834,-3771280.3459112397
790,-33335.429630773375,-59802.43405725103,-3776988.0184796685
791,-33335.429615315654,-59802.43408389731,-3782693.174469258
792,-33335.429588123974,-59802.43410605434,-3788374.003690849
793,-33335.429588014136,-59802.43413169107,-3794130.453918893
794,-33335.42956282159,-59802.43414965082,-3799826.728555168
795,-33335.42953152448,-59802.43416243103,-3805509.920665778
796,-33335.429503334504,-59802.43417342165,-3811204.3554554847
797,-33335.42949176024,-59802.43419125303,-3816951.8591488595
798,-33335.42946463016,-59802.43419916536,-3822656.7323031537
799,-33335.42943201106,-59802.43420086528,-3828345.077664894
800,-33335.42941427671,-59802.43421193388,-3834087.5543857
801,-33335.42939097687,-59802.43421768429,-3839814.91386771
802,-33335.42936127517,-59802.43421563643,-3845518.668852645
803,-33335.42933746276,-59802.434218045,-3851249.882140264
804,-33335.42930329316,-59802.43420557854,-3856929.4022715623
805,-33335.42927532242,-59802.434197979346,-3862636.80493951
806,-33335.42924831097,-59802.43418915191,-3868346.745671129
807,-33335.429219848986,-59802.43417425159,-3874038.837169444
808,-33335.42919411764,-59802.43416080414,-3879742.903385646
809,-33335.429170425596,-59802.43414867052,-3885458.367442502
810,-33335.42914780956,-59802.43413620855,-3891178.335221516
811,-33335.42912512614,-59802.43411721126,-3896873.9518806404
812,-33335.42910447122,-59802.4341001731,-3902582.41517513
813,-33335.42908522928,-59802.434082309606,-3908290.5802052636
814,-33335.42906770363,-59802.43406170326,-3913987.0160205606
815,-33335.42905125727,-59802.43404502945,-3919707.534056391
816,-33335.429037072136,-59802.434024432885,-3925406.96033148
817,-33335.42902607189,-59802.43400090319,-3931085.3400670537
818,-33335.42901325954,-59802.43398534885,-3936819.096175767
819,-33335.42900331777,-59802.43396674836,-3942531.5700067175
820,-33335.42899578427,-59802.43394735617,-3948234.979852074
821,-33335.42898472264,-59802.43393282664,-3953988.3293686556
822,-33335.42898210524,-59802.43391257431,-3959674.367293215
823,-33335.428977135714,-59802.43389565924,-3965396.180820215
824,-33335.42897235668,-59802.43387952004,-3971127.7875679177
825,-33335.42897183399,-59802.433862763835,-3976836.0374298794
826,-33335.42897444918,-59802.433846589396,-3982531.097430652
827,-33335.428974690345,-59802.43383193854,-3988255.2637692806
828,-33335.42897697754,-59802.43381792767,-3993973.462206658
829,-33335.42897808679,-59802.43380452579,-3999710.2008455037
830,-33335.428984211416,-59802.433792319,-4005417.3059582384
831,-33335.42899052382,-59802.43378106683,-4011131.344329498
832,-33335.42900056346,-59802.43377178162,-4016823.110976186
833,-33335.429007774736,-59802.43376251095,-4022545.005385318
834,-33335.429014128655,-59802.4337534087,-4028282.175031558
835,-33335.42902252736,-59802.43374575425,-4034009.379855078
836,-33335.42903029079,-59802.43373819579,-4039750.428847418
837,-33335.429039770956,-59802.433732153404,-4045482.8477145974
838,-33335.429045225676,-59802.43372325564,-4051267.6131840604
839,-33335.42905966689,-59802.43372215341,-4056960.7044503735
840,-33335.42907357525,-59802.43372177624,-4062660.6661586906
841,-33335.42908557366,-59802.43372036194,-4068387.912318242
842,-33335.42910093894,-59802.43372406774,-4074065.2790960767
843,-33335.429113159,-59802.433724927265,-4079790.2075938843
844,-33335.4291278066,-59802.43373082519,-4085465.07594945
845,-33335.42914054981,-59802.43373523327,-4091168.740773533
846,-33335.4291517726,-59802.43373775507,-4096906.3385854596
847,-33335.42916407237,-59802.43374432581,-4102602.248087908
848,-33335.42917543477,-59802.43375036969,-4108313.4074857384
849,-33335.429184933295,-59802.433749210366,-4114133.9484272753
850,-33335.42919613972,-59802.43375900274,-4119811.9506742414
851,-33335.42920630987,-59802.433766918686,-4125522.9757041135
852,-33335.42921590505,-59802.433774198,-4131251.125497905
853,-33335.4292260219,-59802.43377638606,-4137077.5373537936
854,-33335.42923698541,-59802.4337782752,-4142933.412568387
855,-33335.4292460089,-59802.43378746191,-4148667.689182258
856,-33335.429253353635,-59802.433798759535,-4154361.1855712044
857,-33335.42926072942,-59802.43380846267,-4160093.109025098
858,-33335.429266373794,-59802.43381939208,-4165794.0830912623
859,-33335.429272716756,-59802.433828679896,-4171544.2549771713
860,-33335.42925382409,-59802.43385497615,-4176620.269087899
861,-33335.42925689974,-59802.433861777565,-4182359.060064498
862,-33335.42925740231,-59802.43386940772,-4188047.1260037012
863,-33335.42925913783,-59802.433876022245,-4193781.548296593
864,-33335.429258554206,-59802.433882844416,-4199474.11081045
865,-33335.42925803773,-59802.43388912031,-4205182.211856659
866,-33335.42925651564,-59802.433895007096,-4210879.536549955
867,-33335.42925505152,-59802.433900451084,-4216590.09422176
868,-33335.42925362902,-59802.433905564234,-4222312.870410212
869,-33335.42925085366,-59802.433910110114,-4228014.060840278
870,-33335.42924766636,-59802.4339141496,-4233714.626426423
871,-33335.4292442761,-59802.43391773825,-4239418.703777579
872,-33335.42923947809,-59802.433920329255,-4245093.575673621
873,-33335.429237030636,-59802.433923685865,-4250838.278980808
874,-33335.429234235,-59802.43392673106,-4256583.513141165
875,-33335.429230932,-59802.43392931537,-4262323.681242894
876,-33335.42922654309,-59802.43393089035,-4268037.646811436
877,-33335.429221083796,-59802.43393119252,-4273718.611278712
878,-33335.42921994498,-59802.43393536567,-4279567.216975585
879,-33335.42921956391,-59802.43394095302,-4285479.155665051
880,-63744.51605645263,-49494.66214604522,-104990.077445187
881,-64487.596087328,-52598.28129088576,-110694.67115400243
882,-64970.56974281439,-55580.1948038774,-116397.86728165348
883,-65186.82688061957,-58417.19858018294,-122101.85267885924
884,-65115.69349128069,-61071.13473464033,-127811.3592715216
885,-64841.24589325428,-63575.00010831197,-133517.52091458451
886,-64328.595886455834,-65882.69416913249,-139227.4160691455
887,-63649.97425195687,-68035.57331441813,-144932.56351086375
888,-62762.00290334775,-69972.02431465904,-150642.72989925102
889,-61674.85335875153,-71668.26525414689,-156361.02855452226
890,-60494.1419534789,-73230.10374483578,-162069.95985367868
891,-59158.247682575304,-74554.14427801443,-167786.5242284596
892,-57717.51753625003,-75682.80663690281,-173504.21467845805
893,-56189.688522370765,-76618.35586502364,-179223.3315072444
894,-54595.15187647365,-77371.61123374243,-184942.96912847474
895,-52956.5348015712,-77971.01638915838,-190659.21447707183
896,-51263.09268549459,-78318.64816796867,-196390.9604106142
897,-49566.445542267844,-78560.08383617703,-202113.7712964077
898,-47864.61940367643,-78622.19353226578,-207842.9057465657
899,-46176.07228254418,-78554.78189473692,-213570.76974942902
900,-44512.346926609156,-78353.06382165338,-219300.45160504736
901,-42878.40431455875,-78056.40427986396,-225025.09317737626
902,-41287.66900474851,-77644.59505397173,-230751.55229340107
903,-39751.02252456387,-77128.40865429839,-236480.17321200212
904,-38257.93242995351,-76550.08066939094,-242201.07169315257
905,-36808.86468584027,-75911.59168240587,-247914.27176705207
906,-35453.66437638087,-75169.14520119742,-253639.41056293927
907,-34129.082332711645,-74401.20142432323,-259348.0949092661
908,-32878.51755630936,-73573.13314391836,-265056.99170386017
909,-31708.909450771695,-72693.76636104201,-270766.8350183174
910,-30626.8769432454,-71772.57209094861,-276478.4438179666
911,-29593.81484117468,-70829.20574558596,-282178.5355385785
912,-28661.979524970273,-69855.9248010648,-287883.3247351836
913,-27831.706476213287,-68865.59579326781,-293592.16702210373
914,-27121.187242668973,-67870.69621765245,-299310.42474678234
915,-26502.2307841446,-66882.22858547702,-305029.50650092476
916,-25937.192864705983,-65899.63646522803,-310737.861534011
917,-25480.775108019585,-64937.73713575907,-316453.18803880835
918,-25096.171328064345,-63994.69903116653,-322164.3436980504
919,-24790.649920848617,-63077.28140433361,-327874.3088802293
920,-64193.30302284118,-52392.347675653706,-111021.148344361
921,-64699.356716088965,-55363.69341318039,-116724.00283680797
922,-64668.220916799604,-58015.01900831107,-122464.02753657162
923,-64886.205225815575,-60834.72019405417,-128138.1350663607
924,-64626.373918483805,-63326.13280888866,-133845.74507014145
925,-64168.888912944094,-65658.54068644602,-139550.90529324193
926,-63479.89095813515,-67777.64042264316,-145261.97881970476
927,-62618.084027206205,-69715.51610518117,-150972.3560888239
928,-61594.670784637405,-71463.30426180195,-156683.0694538547
929,-60389.89625923225,-72962.32517691914,-162403.68455785126
930,-59089.756738375436,-74307.6225740279,-168118.45526626278
931,-57557.84448715498,-75202.50104584917,-173878.1440980235
932,-56186.87234526387,-76427.15371265628,-179550.45455623599
933,-54596.10051444477,-77137.55520288147,-185280.58110824667
934,-52977.9987146308,-77736.52051079027,-191000.25772951337
935,-51319.85511574923,-78149.66773419362,-196723.9740784469
936,-49639.85230696604,-78368.33662294001,-202455.58054699193
937,-47960.60481238712,-78463.90625571174,-208182.94968131086
938,-46289.571524278486,-78432.89096452387,-213908.16494027752
939,-44647.31699452758,-78225.1425188833,-219645.3122872927
940,-43028.626953398685,-77950.32226513878,-225370.85509229678
941,-41450.88615785851,-77561.48018545087,-231098.06354055693
942,-39899.35826098299,-77112.5006491719,-236813.33272288405
943,-38410.79200705285,-76549.59155625812,-242535.25760900852
944,-36976.98008191723,-75910.94162884713,-248254.9698447782
945,-35589.47601915173,-75215.15545377502,-253967.20525324534
946,-34262.39307031533,-74456.22406654574,-259676.6015226267
947,-33011.274190738804,-73635.18133280992,-265387.19140968187
948,-31807.260590316546,-72775.57838951184,-271087.4681931585
949,-30707.20291764922,-71862.27789442727,-276795.7715066391
950,-29672.67986098182,-70919.03629900343,-282498.01620719687
951,-28706.751063566873,-69949.38295099173,-288194.62143209326
952,-27844.93845096852,-68957.96090492529,-293896.2984819175
953,-27109.15363309709,-67959.2708995992,-299609.6092333561
954,-26413.361692288163,-66954.69349972956,-305306.913586002
955,-25849.740267217327,-65963.27651665815,-311018.02375104884
956,-25349.6082946518,-64979.498206556935,-316720.9138219358
957,-24937.68587014232,-64014.65573754068,-322424.0863670553
958,-24649.28219673146,-63092.843915354584,-328141.1856168546
959,-24445.781886937206,-62208.410285477345,-333860.41452585795
960,-24315.93121931299,-61361.897881993624,-339578.9992228492
961,-24234.858141183307,-60541.09372065651,-345287.8138256088
962,-24254.6013488209,-59788.73226171586,-351010.5758868447
963,-24360.922671486165,-59107.81314638138,-356745.6698410462
964,-24503.528867343037,-58461.136015892764,-362471.67615429265
965,-24701.004480201274,-57870.2014636036,-368199.80923402065
966,-24971.74708835903,-57367.8688910292,-373946.35697366955
967,-25263.336918883593,-56897.71830395917,-379682.49714697036
968,-25586.730842966495,-56476.56207401205,-385417.15568310267
969,-25946.28334126691,-56120.094451662386,-391158.83132848644
970,-26338.04674860931,-55836.42060330437,-396912.7898177995
971,-26738.56001302152,-55583.29031900649,-402658.04930167197
972,-27159.41744669136,-55403.841034832396,-408419.0865947709
973,-27584.271139993878,-55263.119544438116,-414178.7219953399
974,-28009.968549605386,-55152.22091464507,-419932.9380316544
975,-28435.921463378603,-55075.183206295704,-425685.1352143546
976,-28856.739590618163,-55068.115422030714,-431461.4063623785
977,-29270.118930993747,-55071.5562695567,-437225.19159459934
978,-29676.444427853712,-55094.40260463637,-442982.773392509
979,-30079.85633333025,-55126.824583355694,-448726.17947670846
980,-30474.007028050204,-55186.84656511978,-454470.64731441834
981,-30860.337804543968,-55266.78531378071,-460210.85724526836
982,-31245.5826589152,-55357.70208696738,-465937.0417906491
983,-31611.222557060348,-55479.21603483279,-471673.50018542795
984,-31979.441689002408,-55608.062227988834,-477390.91815565346
985,-32354.160813101364,-55746.95449135841,-483086.76093163947
986,-32681.427865546706,-55922.35239559112,-488817.8901251686
987,-33023.21847854839,-56101.8266889703,-494516.8868045896
988,-33327.719281605234,-56302.39536135858,-500235.9123504971
989,-33599.72913810744,-56515.31737222823,-505968.1699508447
990,-33814.61272688054,-56734.867762923,-511736.6475681729
991,-33911.28859292114,-56944.86402488802,-517600.90494934644
992,-32130.97914713653,-55798.89676716778,-477000.86164022575
993,-32446.43191726283,-55967.96410960533,-482731.5037749721
994,-32782.22435624665,-56126.70875373689,-488432.95717315853
995,-33088.8252969555,-56309.16292632879,-494144.56210227724
996,-33368.79190707307,-56506.863726452924,-499862.51656914357
997,-33668.27162691711,-56705.558532583374,-505554.0842490695
998,-33897.80466615972,-56923.33170472336,-511280.6796540559
999,-34118.836919569745,-57143.258430423324,-516999.4749015876
1000,-34334.14046485877,-57366.8101609224,-522708.6526389157
1001,-34526.41000239327,-57593.12950964957,-528419.7829833056
1002,-34678.56331108968,-57815.93254956711,-534144.7636336557
1003,-34768.39175750899,-58022.32241018729,-539900.4731138572
1004,-34882.151687604106,-58233.74234307769,-545626.8899018042
1005,-35008.71279181854,-58453.42860684519,-551330.1829738333
1006,-35075.488693594845,-58648.60458808603,-557065.6074459298
1007,-35130.82421527193,-58837.49744951392,-562798.0135150813
1008,-35170.31973169029,-59016.86113174361,-568531.640334458
1009,-35221.27125888051,-59206.7401230581,-574241.6790232195
1010,-35207.39029706043,-59345.58784642993,-580001.8220095692
1011,-35206.83057266421,-59493.83529546537,-585738.958910579
1012,-35189.28528089963,-59624.41857396717,-591484.7981074909
1013,-35138.61382168074,-59712.71809724699,-597265.6444480141
1014,-33335.42918764999,-59802.43390683713,-4289921.860228909
1015,-33335.429185339955,-59802.43390641615,-4295642.240136579
1016,-33335.429182880456,-59802.433905582795,-4301353.47406722
1017,-33335.42918041477,-59802.43390447417,-4307060.187250333
1018,-33335.42917840412,-59802.43390407523,-4312799.530447513
1019,-33335.42917622521,-59802.433903166384,-4318525.3483637655
1020,-33335.42917410326,-59802.43390221453,-4324255.324085906
1021,-33335.42917203121,-59802.4339012441,-4329990.659328421
1022,-33335.42916988341,-59802.433899227515,-4335686.286335608
1023,-33335.429167922724,-59802.4338968654,-4341368.121423961
1024,-33335.42916610733,-59802.433895921284,-4347120.102979335
1025,-33335.429164536064,-59802.43389337396,-4352795.523989742
1026,-33335.429162995235,-59802.433891739965,-4358519.986252773
1027,-33335.42916175002,-59802.43388957753,-4364215.403482017
1028,-33335.42916056587,-59802.433887710744,-4369928.803969037
1029,-33335.429159660926,-59802.433885652346,-4375627.84689001
1030,-33335.42915862139,-59802.43388400808,-4381358.56720982
1031,-33335.42915808247,-59802.43388198531,-4387054.577050943
1032,-33335.4291572112,-59802.4338804123,-4392793.953319692
1033,-33335.429156320875,-59802.43387887734,-4398543.889410229
1034,-33335.42915548218,-59802.433877313364,-4404298.222843074
1035,-33335.42915567234,-59802.43387542006,-4409985.077045812
1036,-33335.42915547105,-59802.43387378646,-4415712.384340765
1037,-33335.42915556029,-59802.43387218338,-4421428.834232777
1038,-33335.42915537755,-59802.43387066922,-4427174.39544203
1039,-33335.42915626263,-59802.433869241686,-4432853.545961909
1040,-33335.42915654651,-59802.43386788953,-4438584.389354306
1041,-33335.42915721488,-59802.4338666689,-4444296.195294346
1042,-33335.42915800424,-59802.43386557007,-4450007.007093254
1043,-33335.42915803555,-59802.433864270926,-4455783.790442692
1044,-33335.4291581354,-59802.43386295679,-4461567.059174821
1045,-33335.4291594808,-59802.433862249054,-4467259.434562014
1046,-23572.80423727093,-61676.29841861198,-333223.5340464419
1047,-23477.28207274031,-60778.887042863804,-338935.26361627266
1048,-23483.58351425465,-59946.11465877717,-344657.0933390661
1049,-23535.035082419578,-59147.60289077993,-350368.53732273314
1050,-23641.52904565879,-58391.43052553856,-356074.16198021825
1051,-23864.446269835134,-57740.738123345225,-361806.03615719086
1052,-24114.240941147047,-57123.243033084706,-367524.9146725369
1053,-24412.497606636498,-56562.72197750797,-373243.1557840745
1054,-24774.14002433262,-56087.37832531319,-378974.58252333786
1055,-25177.30675607187,-55681.82001144995,-384711.7202656569
1056,-25607.647802143256,-55333.28413556711,-390448.9216173149
1057,-26051.06507996111,-55020.097925392154,-396176.0539389952
1058,-26527.52552301077,-54793.51493251143,-401920.06648058235
1059,-27018.722988405603,-54631.872618633555,-407671.89239471033
1060,-27519.162783087435,-54542.89281014767,-413438.1578260204
1061,-28010.57491677277,-54462.15503730903,-419185.1756462157
1062,-28499.235344737623,-54405.26077984591,-424921.5592096743
1063,-28982.493522438162,-54464.41201955148,-430706.9308648429
1064,-29457.759175625368,-54475.97203567132,-436440.2752033217
1065,-29917.458714928885,-54557.645293452806,-442199.78002771805
1066,-30364.608361726074,-54656.801817784515,-447952.01247370435
1067,-30796.221889190965,-54780.246263549096,-453703.5962021983
1068,-31235.738042782934,-54886.290960364444,-459416.04168441135
1069,-31637.6692544046,-55052.14239153165,-465163.4843070311
1070,-32043.533366915086,-55212.79254849596,-470881.7936253298
1071,-32429.929243754632,-55397.168572498376,-476603.2204329908
1072,-32785.25654862153,-55607.26117894809,-482337.95098776894
1073,-33132.88966324418,-55823.86506086687,-488058.7548075991
1074,-33479.58819280414,-56047.01189530981,-493759.70789411495
1075,-33762.817405523085,-56294.981945518,-499501.92247803125
1076,-34024.587219870664,-56546.86839376345,-505242.280934488
1077,-35286.6647820666,-57347.35263807697,-522191.6023367122
1078,-35467.300353837214,-57649.41486407391,-527917.6193406989
1079,-35328.754601348584,-57854.25230805016,-533944.1445339044
1080,-35519.435572651884,-58146.56380764707,-539614.0441473891
1081,-35887.55900457961,-58534.16145992517,-545058.5182728611
1082,-35963.8344959126,-58807.026420538896,-550786.8489998662
1083,-36033.39339275665,-59078.61572476246,-556495.6195084701
1084,-36060.84949473108,-59326.01283578006,-562228.3604483352
1085,-36064.45523111029,-59556.67837557667,-567966.4182057327
1086,-36048.48321206262,-59771.47328614099,-573706.7015383424
1087,-36014.18829485521,-59969.350123050295,-579450.0625657687
1088,-35965.05299992566,-60151.72244117028,-585193.7582471551
1089,-35897.792016382904,-60312.36731930028,-590947.3295049316
1090,-35825.216786297315,-60465.49239943908,-596688.872571611
1091,-35754.681535247015,-60624.91799275766,-602397.3235736903
1092,-35661.1171081285,-60749.63308785304,-608136.1131609761
1093,-35557.03799812924,-60854.45574445793,-613883.1022355712
1094,-35453.20675841537,-60963.41586101699,-619600.1998833738
1095,-35337.075938874186,-61042.27588867405,-625343.1891960171
1096,-35216.5730286197,-61106.82634853592,-631087.8991090953
1097,-35092.67022484634,-61154.22865147325,-636840.8627406107
1098,-34967.80219715978,-61199.743390451156,-642575.0844888729
1099,-34841.46946783846,-61226.67970003019,-648322.9056007038
1100,-34712.05830886235,-61261.906344530515,-654029.3497909663
1101,-34584.51026102532,-61269.59409865799,-659771.5063100373
1102,-34446.33493259251,-61297.813911887664,-665435.6754080756
1103,-34327.37297143249,-61269.875294358244,-671219.6245943597
1104,-34196.37740254935,-61262.08585588292,-676922.9878899584
1105,-34074.81831323758,-61234.81440698525,-682660.0280711672
1106,-33955.59890290962,-61201.7651473675,-688391.9558698415
1107,-33842.00226345274,-61160.88092395241,-694129.6701311511
1108,-33745.53689231379,-61107.528466474185,-699908.7631883475
1109,-33634.172889669404,-61061.02947437657,-705621.3948711308
1110,-35636.30379909945,-60580.182148217806,-602198.905791741
1111,-35534.63524968378,-60681.34306456713,-607943.3829748151
1112,-35419.60284260924,-60752.00334822392,-613705.787416557
1113,-35311.43366905625,-60826.83229719827,-619449.4726369553
1114,-35200.88821149431,-60889.83617863329,-625192.4356213931
1115,-35077.946866268074,-60903.22735626141,-630979.7217537101
1116,-34968.77141039759,-60947.65856264322,-636719.379782836
1117,-34857.94553466269,-60972.87208157127,-642470.4572631827
1118,-34748.954269810325,-60992.19810132493,-648217.8988364462
1119,-34641.92443830334,-61001.113158264845,-653968.6381702938
1120,-34533.795857462086,-61027.688193793976,-659681.9063657444
1121,-34431.1684629971,-61018.94350327783,-665436.8839136509
1122,-34326.06537237955,-61022.26832230416,-671161.1050298029
1123,-34229.04304458052,-61004.65834562286,-676911.4900882926
1124,-34122.60013008526,-61003.113041172495,-682617.3575353782
1125,-34014.77765932208,-60995.752989676104,-688316.9527570774
1126,-33917.89089053186,-60970.67766109227,-694042.850643819
1127,-33808.15226458888,-60952.45917950485,-699728.8892622066
1128,-33726.85528885834,-60910.10690161462,-705477.1762425781
1129,-33620.67310184812,-60879.20543213759,-711159.1541226879
1130,-33528.344071321444,-60837.00727845383,-716864.8214435867
1131,-33445.451812922794,-60788.879285382805,-722581.6861035902
1132,-33366.22467848824,-60737.70872415468,-728296.5549844656
1133,-33300.556981786416,-60683.50210334346,-734029.3807687302
1134,-33230.939355070295,-60627.99789134819,-739743.9083626453
1135,-33156.550516942705,-60569.32755295855,-745438.0900348088
1136,-33105.00099187174,-60511.58083286845,-751168.9123126274
1137,-33049.00254085334,-60451.376590983935,-756879.5858937502
1138,-32997.63249389875,-60390.259288652975,-762588.7282558084
1139,-32941.96250746807,-60324.57520641049,-768275.602108209
1140,-32915.304783532396,-60269.791185698174,-774017.332809252
1141,-32879.64867070353,-60209.195058418845,-779726.1564409849
1142,-32859.10311157118,-60156.23390181775,-785461.4430274125
1143,-32832.60968606541,-60097.72343397672,-791168.7020093703
1144,-32808.16934796035,-60038.05920167986,-796866.8276672143
1145,-32797.53350122899,-59988.245599535956,-802593.2448924024
1146,-32791.42306187317,-59941.67165862625,-808322.7700128602
1147,-32784.82759517301,-59892.85326520654,-814036.9340245163
1148,-32787.07802531172,-59853.42120305806,-819773.8481238317
1149,-32788.674632528964,-59811.60039959145,-825494.6353391047
1150,-32787.19755710096,-59760.942726855355,-831177.6860227912
1151,-32797.41580444939,-59728.248201030634,-836910.9142801628
1152,-32809.13905564117,-59697.00197456553,-842640.2443736024
1153,-32823.34611914805,-59670.25006677593,-848376.2941693075
